name,slug,bundleId,category,price,releaseDate,audience,headline,summary,landingUrl,appStoreUrl,artworkUrl
AgedCare Monitor,agedcare-monitor,wcs.Agedcare-shared,Medical,Free,2026-05-23,"Professional carers, family carers, and aged-care facility staff",Non-clinical monitoring support for aged-care teams.,"A privacy-minded monitoring aid for resident safety workflows, incident review, carer dashboards, and Apple Watch alert support.",https://worldclassscholars.vercel.app/apple-apps/agedcare-monitor,https://apps.apple.com/us/app/agedcare-monitor/id6767978725?uo=4,https://is1-ssl.mzstatic.com/image/thumb/Purple211/v4/47/25/63/47256317-38da-982e-7089-a7755c697226/AppIcon-0-0-1x_U007emarketing-0-8-0-85-220.png/512x512bb.jpg
AI Real Investor,ai-real-investor,wcs.AI-Real-Investor,Finance,$3.99,2026-06-17,Property investors and finance decision-makers,Property and investment decision-support workspace.,"A premium workspace for reviewing property signals, investment considerations, and decision-support outputs before acting.",https://worldclassscholars.vercel.app/apple-apps/ai-real-investor,https://apps.apple.com/us/app/ai-real-investor/id6779068906?uo=4,https://is1-ssl.mzstatic.com/image/thumb/Purple221/v4/49/21/1d/49211d29-e411-8329-a998-6f1f04c5dd83/AppIcon-0-0-1x_U007epad-0-1-85-220.png/512x512bb.jpg
CareLens Aged+,carelens-aged,wcs.Carelens-Aged-,Medical,$7.99,2026-06-08,"Clinicians, facility managers, and aged-care teams",Intelligent aged-care coordination and insight support.,"Designed for teams working with ageing, dementia, care planning, and resident-support workflows.",https://worldclassscholars.vercel.app/apple-apps/carelens-aged,https://apps.apple.com/us/app/carelens-aged/id6767072418?uo=4,https://is1-ssl.mzstatic.com/image/thumb/Purple211/v4/65/00/17/65001740-baaa-f2b0-d936-63af36925ac0/AppIcon-0-0-1x_U007epad-0-1-85-220.png/512x512bb.jpg
LegalAid,legalaid,wcs.LegalAid,Productivity,$0.49,2026-06-26,People and legal professionals preparing legal-information workflows,"Legal-information workflows, document review, and draft reports.","Structure legal facts, review pasted document text, identify risk signals, prepare jurisdiction-aware prompts, and generate draft reports for qualified review.",https://worldclassscholars.vercel.app/apple-apps/legalaid,https://apps.apple.com/us/app/legalaid/id6782532109?uo=4,https://is1-ssl.mzstatic.com/image/thumb/Purple211/v4/00/a2/6f/00a26fcb-947a-5c2b-bc7d-032ebacd99f8/AppIcon-0-0-1x_U007epad-0-1-85-220.png/512x512bb.jpg
PeaceLens,peacelens,wcs.PeaceLens,Education,$3.99,2026-06-09,"Researchers, journalists, election observers, trainers, and policy teams",Peace journalism analysis for election-related media.,"Capture media reports, score coverage with an explainable Peace Journalism Index, compare findings, and prepare research outputs.",https://worldclassscholars.vercel.app/apple-apps/peacelens,https://apps.apple.com/us/app/peacelens/id6776995376?uo=4,https://is1-ssl.mzstatic.com/image/thumb/Purple221/v4/62/f1/01/62f10117-eb93-0f0e-dcc4-03a9caf27e69/AppIcon-0-0-1x_U007epad-0-1-85-220.png/512x512bb.jpg
Prop-Valulator,prop-valulator,wcs.Prop-Valulator,Lifestyle,$0.49,2026-06-17,"Homeowners, property watchers, and valuation explorers",AI-assisted property valuation exploration.,Explore property value signals with AI-powered graph inference and heuristic valuation support.,https://worldclassscholars.vercel.app/apple-apps/prop-valulator,https://apps.apple.com/us/app/prop-valulator/id6780286834?uo=4,https://is1-ssl.mzstatic.com/image/thumb/Purple211/v4/97/c4/ee/97c4ee87-5fa8-650a-d60f-7e794380ca4c/AppIcon-0-0-1x_U007epad-0-1-85-220.png/512x512bb.jpg
PsychoLogic,psychologic,wcs.PsychoLogic,Medical,$7.99,2026-06-22,Journal users and reflective wellbeing workflows,"Private journaling for everyday thoughts, feelings, and patterns.",A general-purpose journal for recording experiences and reflecting on patterns without replacing professional care.,https://worldclassscholars.vercel.app/apple-apps/psychologic,https://apps.apple.com/us/app/psychologic/id6778269526?uo=4,https://is1-ssl.mzstatic.com/image/thumb/Purple211/v4/11/79/73/117973b1-dc85-c2d1-d53f-6f824d853ae0/AppIcon-0-0-1x_U007epad-0-1-85-220.png/512x512bb.jpg
Psychosocial Analytics,psychosocial-analytics,wcs.Psychosocial--Analytics,Medical,$14.99,2026-06-01,Social workers and clinical teams,Structured psychosocial assessment and reporting support.,"Capture structured psychosocial information, organize analysis, and support professional documentation workflows.",https://worldclassscholars.vercel.app/apple-apps/psychosocial-analytics,https://apps.apple.com/us/app/psychosocial-analytics/id6768490648?uo=4,https://is1-ssl.mzstatic.com/image/thumb/Purple211/v4/10/71/89/107189f0-48ac-636e-5944-2d24bfce9596/AppIcon-0-0-1x_U007epad-0-1-85-220.png/512x512bb.jpg
TruthLens Global,truthlens-global,wcs.TruthLens,News,$9.99,2026-06-08,"Readers, civic teams, educators, and public-interest reviewers","Review public claims before you share, repeat, or act.","Scan civic messages, speeches, social posts, and public-interest claims with verdicts, confidence, bias signals, and source credibility.",https://worldclassscholars.vercel.app/apple-apps/truthlens-global,https://apps.apple.com/us/app/truthlens-global/id6776208825?uo=4,https://is1-ssl.mzstatic.com/image/thumb/Purple211/v4/26/2d/fd/262dfd09-dba1-7347-89fc-1cb06e4df670/AppIcon-0-0-1x_U007epad-0-1-85-220.png/512x512bb.jpg
VisionForge,visionforge,wcs.VisionForge,Graphics & Design,$5.99,2026-06-11,"Creators, designers, and prompt-driven visual explorers",Creative AI generation workspace.,Explore text-to-image and visual generation workflows in a focused creative design environment.,https://worldclassscholars.vercel.app/apple-apps/visionforge,https://apps.apple.com/us/app/visionforge/id6777670360?uo=4,https://is1-ssl.mzstatic.com/image/thumb/Purple221/v4/15/33/4b/15334b12-841d-4750-9b53-154057662b78/AppIcon-0-0-1x_U007epad-0-1-85-220.png/512x512bb.jpg
WCS Agentic,wcs-agentic,wcs.WCS-Agentic,Business,Free,2026-06-24,World Class Scholars leaders and administrators,"Scholar programs, agent commands, approval gates, and reporting.","Manage scholar operations, supervised finance AI reporting, compliance tasks, and human approval controls in one mobile workspace.",https://worldclassscholars.vercel.app/apple-apps/wcs-agentic,https://apps.apple.com/us/app/wcs-agentic/id6769985809?uo=4,https://is1-ssl.mzstatic.com/image/thumb/Purple211/v4/a4/03/89/a4038925-593e-8233-e40c-3f16b648233b/AppIcon-0-0-1x_U007epad-0-1-85-220.png/512x512bb.jpg
WCS-GEO,wcs-geo,wcs.WCS-GEO,Business,$9.99,2026-06-17,"Geologists, students, educators, consultants, investors, and exploration professionals",Mineral exploration learning and demonstration tool.,"Explore explainable target scoring, project maps, ranked mineral targets, evidence provenance, imports, sync demos, and field observations.",https://worldclassscholars.vercel.app/apple-apps/wcs-geo,https://apps.apple.com/us/app/wcs-geo/id6777616166?uo=4,https://is1-ssl.mzstatic.com/image/thumb/Purple211/v4/d7/c0/d5/d7c0d5bd-1602-56a2-2b0c-a7b0f0ec8456/AppIcon-0-0-1x_U007epad-0-1-85-220.png/512x512bb.jpg
WCS-POL,wcs-pol,wcs.WCS-POL,Education,$0.49,2026-06-17,"Civic educators, students, and governance learners",Electoral governance simulation and institutional learning.,"Explore how institutional rules, civic choices, and governance dynamics shape electoral outcomes.",https://worldclassscholars.vercel.app/apple-apps/wcs-pol,https://apps.apple.com/us/app/wcs-pol/id6779397120?uo=4,https://is1-ssl.mzstatic.com/image/thumb/Purple211/v4/b9/ad/40/b9ad401f-96b2-b1e5-cb3e-f550d63a3c0f/AppIcon-0-0-1x_U007epad-0-1-85-220.png/512x512bb.jpg
WCS-Tatto,wcs-tatto,wcs.WCS-Tattoo-Studio,Lifestyle,$2.99,2026-06-06,"Tattoo clients, artists, and studios",Premium tattoo planning built on trust and compassion.,"Plan tattoo ideas, studio conversations, style direction, and client-centred preparation.",https://worldclassscholars.vercel.app/apple-apps/wcs-tatto,https://apps.apple.com/us/app/wcs-tatto/id6774959552?uo=4,https://is1-ssl.mzstatic.com/image/thumb/Purple211/v4/36/a6/a6/36a6a647-18ef-8d68-6c25-d94748cc3d25/AppIcon-0-0-1x_U007emarketing-0-5-85-220.png/512x512bb.jpg
WCSLIB,wcslib,wcs.WCSLIB,Education,$3.99,2026-06-05,"Students, researchers, and lifelong learners",Scholarly workspace for learning and research.,"A focused educational workspace for organizing scholarly exploration, public resources, and lifelong learning.",https://worldclassscholars.vercel.app/apple-apps/wcslib,https://apps.apple.com/us/app/wcslib/id6764653278?uo=4,https://is1-ssl.mzstatic.com/image/thumb/Purple221/v4/f7/44/b1/f744b1a4-dffa-e504-4b3c-d34d353a228c/AppIcon-0-0-1x_U007epad-0-1-85-220.png/512x512bb.jpg
Wendy'SAfricanFash,wendy-safricanfash,wcs.AfricanFashionApp,Shopping,Free,2026-06-19,"African fashion shoppers, designers, and marketplace visitors",Premium African fashion marketplace and design support.,"Discover African fashion collections, marketplace experiences, and AI-assisted design workflows.",https://worldclassscholars.vercel.app/apple-apps/wendy-safricanfash,https://apps.apple.com/us/app/wendysafricanfash/id6763326670?uo=4,https://is1-ssl.mzstatic.com/image/thumb/Purple221/v4/0c/5e/ec/0c5eec30-a25f-0636-cf88-91584383e756/AppIcon-0-0-1x_U007emarketing-0-8-0-85-220.png/512x512bb.jpg
